lang,slug,topic_cluster,action,target_slug,reason,template_upgrade,notes
en,_tmp_restore,stub-test,noindex,,Temporary recovery file should stay out of indexing.,no,missing-updatedDate|missing-showDefaultCta|temp-file|recovery-artifact
en,auto-delete-images-expiration-guide,maiimg-image-sharing,keep,,Keep for now inside maiimg-image-sharing; page still needs a latest-template pass before any merge decision.,yes,maiimg-scope|missing-updatedDate|missing-showDefaultCta
en,benefits-of-pdf-access-control,prevent-download-forward-print,keep,,Keep for now inside prevent-download-forward-print; page still needs a latest-template pass before any merge decision.,yes,missing-updatedDate
en,bulk-image-gallery-delivery,maiimg-image-sharing,keep,,Keep for now inside maiimg-image-sharing; page still needs a latest-template pass before any merge decision.,yes,maiimg-scope|missing-updatedDate|missing-heroImage|missing-showDefaultCta
en,complete-pdf-security-comprehensive-protection,pdf-security-control,keep,,Keep for now inside pdf-security-control; page still needs a latest-template pass before any merge decision.,yes,missing-updatedDate|missing-showDefaultCta
en,control-pdf-downloads-permissions,offline-drm,keep,,Keep as the current representative page for offline-drm unless later consolidation data says otherwise.,yes,missing-showDefaultCta
en,convert-pdfs-to-shareable-links,qr-sharing,keep,,Keep for now inside qr-sharing; page still needs a latest-template pass before any merge decision.,yes,missing-updatedDate
en,create-pdf-links-actually-get-opened-5-strategies,online-viewing-preview,keep,,Keep for now inside online-viewing-preview; page still needs a latest-template pass before any merge decision.,yes,missing-updatedDate
en,create-professional-portfolio-links-showcase-work-pro,portfolio-resume,keep,,Keep for now inside portfolio-resume; page still needs a latest-template pass before any merge decision.,yes,missing-updatedDate
en,create-qr-code-for-pdf-download,offline-drm,keep,,Keep for now inside offline-drm; page still needs a latest-template pass before any merge decision.,yes,missing-updatedDate|missing-showDefaultCta
en,creative-portfolio-links-showcase-art-design-work-professionally,portfolio-resume,keep,,Keep as the current representative page for portfolio-resume unless later consolidation data says otherwise.,yes,missing-showDefaultCta
en,design-portfolio-sharing-create-links-get-hired,portfolio-resume,keep,,Keep for now inside portfolio-resume; page still needs a latest-template pass before any merge decision.,yes,missing-updatedDate
en,digital-watermarking-technology-technical-implementation,dynamic-watermark,keep,,Keep for now inside dynamic-watermark; page still needs a latest-template pass before any merge decision.,yes,missing-updatedDate|missing-showDefaultCta
en,digital-watermarks-pdf-protection-guide,dynamic-watermark,keep,,Keep as the current representative page for dynamic-watermark unless later consolidation data says otherwise.,yes,missing-showDefaultCta
en,distribute-educational-resources-with-limited-access,view-limit-access-control,keep,,Keep for now inside view-limit-access-control; page still needs a latest-template pass before any merge decision.,yes,missing-updatedDate|missing-showDefaultCta
en,document-distribution-compliance-framework,enterprise-industry,keep,,Keep for now inside enterprise-industry; page still needs a latest-template pass before any merge decision.,yes,missing-updatedDate
en,document-security-architecture-basics,view-limit-access-control,keep,,Keep for now inside view-limit-access-control; page still needs a latest-template pass before any merge decision.,yes,missing-updatedDate
en,drm-digital-certificate-file-protection-guide,view-limit-access-control,keep,,Keep as the current representative page for view-limit-access-control unless later consolidation data says otherwise.,yes,missing-showDefaultCta
en,drm-limit-pdf-views,replace-same-link,301,en/limit-pdf-views-drm,Near-duplicate view-limit slug; consolidate authority into one canonical page.,no,missing-showDefaultCta|duplicate-intent|view-limit
en,drm-limit-pdf-views-practical,view-limit-access-control,keep,,Keep as the current representative page for view-limit-access-control unless later consolidation data says otherwise.,yes,missing-showDefaultCta
en,dynamic-watermarks-on-pdf,dynamic-watermark,keep,,Keep as the current representative page for dynamic-watermark unless later consolidation data says otherwise.,yes,missing-showDefaultCta
en,dynamic-watermarks-on-pdf-cn,dynamic-watermark,301,en/dynamic-watermarks-on-pdf,Wrong-language suffix should consolidate into the correct English watermark guide.,no,missing-updatedDate|missing-showDefaultCta|wrong-language-slug|watermark
en,easy-pdf-sharing,pdf-sharing-basic,keep,,Keep for now inside pdf-sharing-basic; page still needs a latest-template pass before any merge decision.,yes,missing-updatedDate|missing-showDefaultCta
en,educator-pdf-sharing-guide,prevent-download-forward-print,keep,,Keep for now inside prevent-download-forward-print; page still needs a latest-template pass before any merge decision.,yes,missing-updatedDate|missing-showDefaultCta
en,elegant-secure-sharing-resume-portfolio,portfolio-resume,keep,,Keep for now inside portfolio-resume; page still needs a latest-template pass before any merge decision.,yes,missing-updatedDate|missing-showDefaultCta
en,email-pdf-links,replace-same-link,keep,,Keep for now inside replace-same-link; page still needs a latest-template pass before any merge decision.,yes,missing-updatedDate|missing-showDefaultCta
en,email-verification-for-pdf-access,pdf-sharing-basic,keep,,Keep for now inside pdf-sharing-basic; page still needs a latest-template pass before any merge decision.,yes,missing-updatedDate
en,email-verified-pdf-links,prevent-download-forward-print,keep,,Keep for now inside prevent-download-forward-print; page still needs a latest-template pass before any merge decision.,yes,missing-updatedDate
en,enterprise-document-distribution-security,enterprise-industry,keep,,Keep for now inside enterprise-industry; page still needs a latest-template pass before any merge decision.,yes,missing-updatedDate
en,enterprise-document-security,enterprise-industry,keep,,Keep for now inside enterprise-industry; page still needs a latest-template pass before any merge decision.,yes,missing-updatedDate|missing-showDefaultCta
en,enterprise-file-destruction-system,privnote-self-destruct,keep,,Keep for now inside privnote-self-destruct; page still needs a latest-template pass before any merge decision.,yes,missing-updatedDate
en,enterprise-pdf-document-management-guide,enterprise-industry,keep,,Keep for now inside enterprise-industry; page still needs a latest-template pass before any merge decision.,yes,missing-updatedDate
en,enterprise-pdf-encryption-traceability,enterprise-industry,keep,,Keep as the current representative page for enterprise-industry unless later consolidation data says otherwise.,no,
en,fast-pdf-sharing-download-control,qr-sharing,keep,,Keep for now inside qr-sharing; page still needs a latest-template pass before any merge decision.,yes,missing-updatedDate
en,faster-pdf-loading-enhanced-performance,pdf-sharing-basic,keep,,Keep for now inside pdf-sharing-basic; page still needs a latest-template pass before any merge decision.,yes,missing-updatedDate|missing-showDefaultCta
en,first-post,stub-test,301,en/share-design-portfolio-with-link,Legacy starter slug overlaps the main portfolio-sharing guide.,no,missing-updatedDate|missing-heroImage|missing-showDefaultCta|legacy-test-slug|portfolio
en,free-image-hosting-maiimg-complete-guide,maiimg-image-sharing,keep,,Keep for now inside maiimg-image-sharing; page still needs a latest-template pass before any merge decision.,yes,maiimg-scope|missing-updatedDate|missing-showDefaultCta
en,free-image-storage-online-image-storage,maiimg-image-sharing,keep,,Keep for now inside maiimg-image-sharing; page still needs a latest-template pass before any merge decision.,yes,maiimg-scope|missing-updatedDate|missing-showDefaultCta
en,free-online-drm-for-pdf,prevent-download-forward-print,keep,,Keep for now inside prevent-download-forward-print; page still needs a latest-template pass before any merge decision.,yes,missing-updatedDate|missing-showDefaultCta
en,free-pdf-hosting,replace-same-link,keep,,Keep as the current representative page for replace-same-link unless later consolidation data says otherwise.,yes,missing-showDefaultCta
en,free-pdf-sharing-tools-comparison-guide,enterprise-industry,keep,,Keep as the current representative page for enterprise-industry unless later consolidation data says otherwise.,no,
en,free-pdf-tools-to-boost-productivity,online-viewing-preview,keep,,Keep for now inside online-viewing-preview; page still needs a latest-template pass before any merge decision.,yes,missing-updatedDate|missing-showDefaultCta
en,free-secure-pdf-sharing-tool-complete-guide,dynamic-watermark,keep,,Keep as the current representative page for dynamic-watermark unless later consolidation data says otherwise.,no,
en,freelancer-portfolio-links-win-more-clients-with-clear-sharing,portfolio-resume,keep,,Keep as the current representative page for portfolio-resume unless later consolidation data says otherwise.,no,
en,generate-pdf-links-that-work-on-any-device,prevent-download-forward-print,keep,,Keep as the current representative page for prevent-download-forward-print unless later consolidation data says otherwise.,no,
en,host-pdf-online-secure-sharing-guide,online-viewing-preview,keep,,Keep as the current representative page for online-viewing-preview unless later consolidation data says otherwise.,yes,missing-showDefaultCta
en,how-to-create-offline-pdf-package-complete-guide,offline-drm,keep,,Keep for now inside offline-drm; page still needs a latest-template pass before any merge decision.,yes,missing-updatedDate|missing-showDefaultCta
en,how-to-create-offline-pdf-package-guide,offline-drm,keep,,Keep for now inside offline-drm; page still needs a latest-template pass before any merge decision.,yes,missing-updatedDate|missing-heroImage|missing-showDefaultCta
en,how-to-make-a-download-link-for-a-pdf,qr-sharing,keep,,Keep as the current representative page for qr-sharing unless later consolidation data says otherwise.,yes,missing-showDefaultCta
en,how-to-make-pdf-files-browsable-online-making-document-sharing-unprecedentedly-simple,prevent-download-forward-print,keep,,Keep as the current representative page for prevent-download-forward-print unless later consolidation data says otherwise.,no,
en,how-to-upload-a-pdf-and-generate-a-secure-link,qr-sharing,keep,,Keep as the current representative page for qr-sharing unless later consolidation data says otherwise.,no,
en,image-embed-code-generator-maiimg-guide,maiimg-image-sharing,keep,,Keep for now inside maiimg-image-sharing; page still needs a latest-template pass before any merge decision.,yes,maiimg-scope|missing-updatedDate|missing-showDefaultCta
en,image-hosting-api-free-image-upload-api,maiimg-image-sharing,keep,,Keep for now inside maiimg-image-sharing; page still needs a latest-template pass before any merge decision.,yes,maiimg-scope|missing-updatedDate|missing-showDefaultCta
en,image-hosting-service-comparison-free-image-hosting,maiimg-image-sharing,keep,,Keep for now inside maiimg-image-sharing; page still needs a latest-template pass before any merge decision.,yes,maiimg-scope|missing-updatedDate|missing-showDefaultCta
en,image-link-generator-free-image-url-generator,maiimg-image-sharing,keep,,Keep for now inside maiimg-image-sharing; page still needs a latest-template pass before any merge decision.,yes,maiimg-scope|missing-updatedDate|missing-showDefaultCta
en,image-sharing-introduction,maiimg-image-sharing,keep,,Keep as the current representative page for maiimg-image-sharing unless later consolidation data says otherwise.,no,maiimg-scope
en,image-sharing-security-guide,maiimg-image-sharing,keep,,Keep for now inside maiimg-image-sharing; page still needs a latest-template pass before any merge decision.,yes,maiimg-scope|missing-updatedDate|missing-showDefaultCta
en,image-upload-without-account-maiimg-guide,maiimg-image-sharing,keep,,Keep for now inside maiimg-image-sharing; page still needs a latest-template pass before any merge decision.,yes,maiimg-scope|missing-updatedDate|missing-showDefaultCta
en,industry-specific-pdf-security-tailored-solutions,enterprise-industry,keep,,Keep as the current representative page for enterprise-industry unless later consolidation data says otherwise.,yes,missing-showDefaultCta
en,instant-pdf-link-generation,qr-sharing,301,en/how-to-upload-a-pdf-and-generate-a-secure-link,Thin link-generation variant should fold into the stronger upload-to-link guide.,no,missing-updatedDate|missing-showDefaultCta|duplicate-intent|sharing-basic
en,instant-pdf-sharing-with-qr-codes-how-it-works,qr-sharing,keep,,Keep as the current representative page for qr-sharing unless later consolidation data says otherwise.,no,
en,introducing-maiimg-secure-image-sharing-qr-codes,maiimg-image-sharing,keep,,Keep for now inside maiimg-image-sharing; page still needs a latest-template pass before any merge decision.,yes,maiimg-scope|missing-updatedDate|missing-showDefaultCta
en,limit-pdf-views-drm,view-limit-access-control,keep,,Keep as the current representative page for view-limit-access-control unless later consolidation data says otherwise.,no,
en,limiting-pdf-views,pdf-security-control,301,en/limit-pdf-views-drm,Alias intent for the same view-limit topic.,no,missing-updatedDate|duplicate-intent|view-limit
en,maiimg-architecture-interior-design-portfolio,maiimg-image-sharing,keep,,Keep for now inside maiimg-image-sharing; page still needs a latest-template pass before any merge decision.,yes,maiimg-scope|missing-updatedDate|missing-showDefaultCta
en,maiimg-bulk-image-sharing-complete-guide,maiimg-image-sharing,keep,,Keep for now inside maiimg-image-sharing; page still needs a latest-template pass before any merge decision.,yes,maiimg-scope|missing-updatedDate|missing-showDefaultCta
en,maiimg-bulk-image-sharing-guide,maiimg-image-sharing,keep,,Keep for now inside maiimg-image-sharing; page still needs a latest-template pass before any merge decision.,yes,maiimg-scope|missing-updatedDate|missing-heroImage|missing-showDefaultCta
en,maiimg-creative-portfolio-sharing-workflow,maiimg-image-sharing,keep,,Keep for now inside maiimg-image-sharing; page still needs a latest-template pass before any merge decision.,yes,maiimg-scope|missing-updatedDate|missing-showDefaultCta
en,maiimg-ecommerce-seller-image-distribution,maiimg-image-sharing,keep,,Keep for now inside maiimg-image-sharing; page still needs a latest-template pass before any merge decision.,yes,maiimg-scope|missing-updatedDate|missing-showDefaultCta
en,maiimg-education-training-image-sharing,maiimg-image-sharing,keep,,Keep for now inside maiimg-image-sharing; page still needs a latest-template pass before any merge decision.,yes,maiimg-scope|missing-updatedDate|missing-heroImage|missing-showDefaultCta
en,maiimg-encryption-prevent-forwarding-complete-guide,maiimg-image-sharing,keep,,Keep for now inside maiimg-image-sharing; page still needs a latest-template pass before any merge decision.,yes,maiimg-scope|missing-updatedDate|missing-showDefaultCta
en,maiimg-event-photo-delivery-guide,maiimg-image-sharing,keep,,Keep for now inside maiimg-image-sharing; page still needs a latest-template pass before any merge decision.,yes,maiimg-scope|missing-updatedDate|missing-showDefaultCta
en,maiimg-event-photo-distribution-guide,maiimg-image-sharing,keep,,Keep as the current representative page for maiimg-image-sharing unless later consolidation data says otherwise.,yes,maiimg-scope|missing-showDefaultCta
en,maiimg-influencer-collaboration-image-toolkit,maiimg-image-sharing,keep,,Keep for now inside maiimg-image-sharing; page still needs a latest-template pass before any merge decision.,yes,maiimg-scope|missing-updatedDate|missing-showDefaultCta
en,maiimg-product-launch-image-distribution,maiimg-image-sharing,keep,,Keep for now inside maiimg-image-sharing; page still needs a latest-template pass before any merge decision.,yes,maiimg-scope|missing-updatedDate|missing-showDefaultCta
en,maiimg-product-launch-image-hub,maiimg-image-sharing,keep,,Keep for now inside maiimg-image-sharing; page still needs a latest-template pass before any merge decision.,yes,maiimg-scope|missing-updatedDate|missing-showDefaultCta
en,maiimg-qr-code-generation,maiimg-image-sharing,keep,,Keep for now inside maiimg-image-sharing; page still needs a latest-template pass before any merge decision.,yes,maiimg-scope|missing-updatedDate|missing-showDefaultCta
en,maiimg-qr-code-image-sharing-guide,maiimg-image-sharing,keep,,Keep for now inside maiimg-image-sharing; page still needs a latest-template pass before any merge decision.,yes,maiimg-scope|missing-updatedDate|missing-showDefaultCta
en,maiimg-qr-code-sharing-guide,maiimg-image-sharing,keep,,Keep for now inside maiimg-image-sharing; page still needs a latest-template pass before any merge decision.,yes,maiimg-scope|missing-updatedDate|missing-showDefaultCta
en,maiimg-qrcode-generation-guide,maiimg-image-sharing,keep,,Keep for now inside maiimg-image-sharing; page still needs a latest-template pass before any merge decision.,yes,maiimg-scope|missing-updatedDate|missing-showDefaultCta
en,maiimg-quick-image-sharing-guide,maiimg-image-sharing,keep,,Keep for now inside maiimg-image-sharing; page still needs a latest-template pass before any merge decision.,yes,maiimg-scope|missing-updatedDate|missing-showDefaultCta
en,maiimg-real-estate-image-sharing-guide,maiimg-image-sharing,keep,,Keep for now inside maiimg-image-sharing; page still needs a latest-template pass before any merge decision.,yes,maiimg-scope|missing-updatedDate|missing-showDefaultCta
en,maiimg-secure-image-sharing-access-control,maiimg-image-sharing,keep,,Keep for now inside maiimg-image-sharing; page still needs a latest-template pass before any merge decision.,yes,maiimg-scope|missing-updatedDate|missing-showDefaultCta
en,maiimg-social-media-campaign-calendar-guide,maiimg-image-sharing,keep,,Keep for now inside maiimg-image-sharing; page still needs a latest-template pass before any merge decision.,yes,maiimg-scope|missing-updatedDate|missing-showDefaultCta
en,maiimg-travel-photography-sharing-guide,maiimg-image-sharing,keep,,Keep for now inside maiimg-image-sharing; page still needs a latest-template pass before any merge decision.,yes,maiimg-scope|missing-updatedDate|missing-showDefaultCta
en,maiimg-wedding-photography-delivery-guide,maiimg-image-sharing,keep,,Keep for now inside maiimg-image-sharing; page still needs a latest-template pass before any merge decision.,yes,maiimg-scope|missing-updatedDate|missing-showDefaultCta
en,maipdf-a-practical-tool-for-controlled-pdf-sharing,pdf-security-control,keep,,Keep as the current representative page for pdf-security-control unless later consolidation data says otherwise.,no,
en,maipdf-complete-workflow-guide-with-diagrams,replace-same-link,keep,,Keep as the current representative page for replace-same-link unless later consolidation data says otherwise.,yes,missing-showDefaultCta
en,maipdf-h5-generation-guide,offline-drm,keep,,Keep as the current representative page for offline-drm unless later consolidation data says otherwise.,yes,missing-showDefaultCta
en,maipdf-instant-link-generation-guide,qr-sharing,keep,,Keep for now inside qr-sharing; page still needs a latest-template pass before any merge decision.,yes,missing-updatedDate|missing-showDefaultCta
en,maipdf-print-restriction-guide,dynamic-watermark,keep,,Keep for now inside dynamic-watermark; page still needs a latest-template pass before any merge decision.,yes,missing-updatedDate
en,maipdf-secure-efficient-pdf-sharing,prevent-download-forward-print,301,en/maipdf-secure-efficient-sharing,Product page duplicate with nearly identical promise and target query.,no,missing-updatedDate|duplicate-intent|product-page
en,maipdf-secure-efficient-sharing,replace-same-link,keep,,Keep for now inside replace-same-link; page still needs a latest-template pass before any merge decision.,yes,missing-updatedDate
en,maipdf-settings-explained-access-controls-on-the-upload-screen,dynamic-watermark,keep,,Keep as the current representative page for dynamic-watermark unless later consolidation data says otherwise.,no,
en,maipdf-view-count-setting-guide,view-limit-access-control,keep,,Keep for now inside view-limit-access-control; page still needs a latest-template pass before any merge decision.,yes,missing-updatedDate|missing-showDefaultCta
en,make-pdf-into-a-link,qr-sharing,keep,,Keep as the current representative page for qr-sharing unless later consolidation data says otherwise.,yes,missing-showDefaultCta
en,marketing-materials-dynamic-watermark,dynamic-watermark,keep,,Keep for now inside dynamic-watermark; page still needs a latest-template pass before any merge decision.,yes,missing-updatedDate|missing-showDefaultCta
en,minimalist-pdf-link-generator,prevent-download-forward-print,keep,,Keep as the current representative page for prevent-download-forward-print unless later consolidation data says otherwise.,yes,missing-showDefaultCta
en,mobile-qr-code-pdf-reading,offline-drm,keep,,Keep for now inside offline-drm; page still needs a latest-template pass before any merge decision.,yes,missing-updatedDate
en,mobile-qr-scan-read-pdf-guide,qr-sharing,keep,,Keep for now inside qr-sharing; page still needs a latest-template pass before any merge decision.,yes,missing-updatedDate
en,modern-pdf-protection-tools,pdf-security-control,keep,,Keep for now inside pdf-security-control; page still needs a latest-template pass before any merge decision.,yes,missing-updatedDate
en,modify-link,replace-same-link,301,en/modify-pdf-links,Short alias overlaps the stronger same-link update guide.,no,missing-updatedDate|duplicate-intent|same-link-update
en,modify-pdf-links,replace-same-link,keep,,Keep as the current representative page for replace-same-link unless later consolidation data says otherwise.,no,
en,offline-pdf-drm-enterprise-solution,offline-drm,keep,,Keep as the current representative page for offline-drm unless later consolidation data says otherwise.,yes,missing-showDefaultCta
en,offline-pdf-drm-mode,offline-drm,keep,,Keep as the current representative page for offline-drm unless later consolidation data says otherwise.,yes,missing-showDefaultCta
en,offline-pdf-package-distribution-best-practices,offline-drm,keep,,Keep for now inside offline-drm; page still needs a latest-template pass before any merge decision.,yes,missing-updatedDate|missing-showDefaultCta
en,offline-pdf-sharing-complete-guide,offline-drm,keep,,Keep as the current representative page for offline-drm unless later consolidation data says otherwise.,yes,missing-showDefaultCta
en,offline-vs-online-pdf-sharing-comparison,offline-drm,keep,,Keep for now inside offline-drm; page still needs a latest-template pass before any merge decision.,yes,missing-updatedDate|missing-showDefaultCta
en,offline-vs-online-pdf-sharing-quick-choice,offline-drm,keep,,Keep for now inside offline-drm; page still needs a latest-template pass before any merge decision.,yes,missing-updatedDate|missing-heroImage|missing-showDefaultCta
en,offline-vs-online-pdf-sharing-visual-comparison,offline-drm,keep,,Keep for now inside offline-drm; page still needs a latest-template pass before any merge decision.,yes,missing-updatedDate|missing-heroImage|missing-showDefaultCta
en,one-click-share-multiple-images-gallery-sharing,maiimg-image-sharing,keep,,Keep for now inside maiimg-image-sharing; page still needs a latest-template pass before any merge decision.,yes,maiimg-scope|missing-updatedDate|missing-showDefaultCta
en,online-vs-offline-pdf-security,portfolio-resume,keep,,Keep as the current representative page for portfolio-resume unless later consolidation data says otherwise.,yes,missing-showDefaultCta
en,pdf-access-control-setting-view-limits-time-restrictions,view-limit-access-control,keep,,Keep for now inside view-limit-access-control; page still needs a latest-template pass before any merge decision.,yes,missing-updatedDate
en,pdf-access-control-view-limits,view-limit-access-control,keep,,Keep for now inside view-limit-access-control; page still needs a latest-template pass before any merge decision.,yes,missing-updatedDate|missing-showDefaultCta
en,pdf-access-control-view-limits-expiration,view-limit-access-control,keep,,Keep for now inside view-limit-access-control; page still needs a latest-template pass before any merge decision.,yes,missing-updatedDate|missing-showDefaultCta
en,pdf-access-control-viewing-limits,view-limit-access-control,keep,,Keep for now inside view-limit-access-control; page still needs a latest-template pass before any merge decision.,yes,missing-updatedDate|missing-showDefaultCta
en,pdf-access-controls-practical-implementation,view-limit-access-control,keep,,Keep for now inside view-limit-access-control; page still needs a latest-template pass before any merge decision.,yes,missing-updatedDate|missing-showDefaultCta
en,pdf-access-limit-control-guide,prevent-download-forward-print,keep,,Keep for now inside prevent-download-forward-print; page still needs a latest-template pass before any merge decision.,yes,missing-updatedDate
en,pdf-analytics-document-engagement-business-insights,prevent-download-forward-print,keep,,Keep as the current representative page for prevent-download-forward-print unless later consolidation data says otherwise.,yes,missing-showDefaultCta
en,pdf-attachment-vs-link-email-best-practices,view-limit-access-control,keep,,Keep as the current representative page for view-limit-access-control unless later consolidation data says otherwise.,yes,missing-showDefaultCta
en,pdf-disable-printing-protection-guide,prevent-download-forward-print,keep,,Keep for now inside prevent-download-forward-print; page still needs a latest-template pass before any merge decision.,yes,missing-updatedDate|missing-showDefaultCta
en,pdf-dynamic-watermark-security-guide,dynamic-watermark,keep,,Keep for now inside dynamic-watermark; page still needs a latest-template pass before any merge decision.,yes,missing-updatedDate|missing-showDefaultCta
en,pdf-encryption-prevent-forwarding-complete-guide,dynamic-watermark,keep,,Keep for now inside dynamic-watermark; page still needs a latest-template pass before any merge decision.,yes,missing-updatedDate
en,pdf-link-control,maiimg-image-sharing,keep,,Keep for now inside maiimg-image-sharing; page still needs a latest-template pass before any merge decision.,yes,missing-updatedDate|missing-showDefaultCta
en,pdf-link-generator-ultimate-tool-professional-sharing,qr-sharing,301,en/how-to-upload-a-pdf-and-generate-a-secure-link,"Overlapping link-generator intent with weaker, more promotional phrasing.",no,missing-updatedDate|duplicate-intent|sharing-basic
en,pdf-link-sharing-modern-alternative-email-attachments,prevent-download-forward-print,keep,,Keep as the current representative page for prevent-download-forward-print unless later consolidation data says otherwise.,no,
en,pdf-link-view-limit-watermark,dynamic-watermark,keep,,Keep for now inside dynamic-watermark; page still needs a latest-template pass before any merge decision.,yes,missing-updatedDate
en,pdf-links-smart-document-sharing-guide,pdf-security-control,keep,,Keep as the current representative page for pdf-security-control unless later consolidation data says otherwise.,yes,missing-showDefaultCta
en,pdf-offline-html-package,offline-drm,keep,,Keep as the current representative page for offline-drm unless later consolidation data says otherwise.,yes,missing-showDefaultCta
en,pdf-one-click-share-links-maipdf,qr-sharing,301,en/how-to-upload-a-pdf-and-generate-a-secure-link,One-click share promise overlaps the main upload-and-generate guide.,no,missing-updatedDate|duplicate-intent|sharing-basic
en,pdf-online-drm-complete-guide,replace-same-link,keep,,Keep as the current representative page for replace-same-link unless later consolidation data says otherwise.,yes,missing-showDefaultCta
en,pdf-online-preview,prevent-download-forward-print,keep,,Keep for now inside prevent-download-forward-print; page still needs a latest-template pass before any merge decision.,yes,missing-updatedDate|missing-showDefaultCta
en,pdf-online-sharing-security-best-practices,prevent-download-forward-print,keep,,Keep for now inside prevent-download-forward-print; page still needs a latest-template pass before any merge decision.,yes,missing-updatedDate|missing-showDefaultCta
en,pdf-online-viewer,prevent-download-forward-print,keep,,Keep for now inside prevent-download-forward-print; page still needs a latest-template pass before any merge decision.,yes,missing-updatedDate|missing-showDefaultCta
en,pdf-online-viewer-prevent-copy,prevent-download-forward-print,keep,,Keep for now inside prevent-download-forward-print; page still needs a latest-template pass before any merge decision.,yes,missing-updatedDate
en,pdf-online-viewing-guide-browser-based-document-access,prevent-download-forward-print,keep,,Keep as the current representative page for prevent-download-forward-print unless later consolidation data says otherwise.,yes,missing-showDefaultCta
en,pdf-online-viewing-without-download,prevent-download-forward-print,keep,,Keep for now inside prevent-download-forward-print; page still needs a latest-template pass before any merge decision.,yes,missing-updatedDate
en,pdf-prevent-forwarding-guide,dynamic-watermark,keep,,Keep for now inside dynamic-watermark; page still needs a latest-template pass before any merge decision.,yes,missing-updatedDate
en,pdf-qr-code-generation-maipdf,qr-sharing,keep,,Keep for now inside qr-sharing; page still needs a latest-template pass before any merge decision.,yes,missing-updatedDate
en,pdf-qrcode-generation-tutorial,qr-sharing,301,en/pdf-sharing-with-qr-code-complete-guide,Tutorial alias should consolidate into the stronger QR-sharing guide.,no,missing-updatedDate|missing-showDefaultCta|duplicate-intent|qr-sharing
en,pdf-safe-sharing-training,prevent-download-forward-print,keep,,Keep for now inside prevent-download-forward-print; page still needs a latest-template pass before any merge decision.,yes,missing-updatedDate
en,pdf-safe-sharing-training-2,enterprise-industry,keep,,Keep for now inside enterprise-industry; page still needs a latest-template pass before any merge decision.,yes,missing-updatedDate|missing-showDefaultCta
en,pdf-security-best-practices,dynamic-watermark,keep,,Keep for now inside dynamic-watermark; page still needs a latest-template pass before any merge decision.,yes,missing-updatedDate|missing-showDefaultCta
en,pdf-security-best-practices-complete-guide-document-protection,dynamic-watermark,keep,,Keep for now inside dynamic-watermark; page still needs a latest-template pass before any merge decision.,yes,missing-updatedDate
en,pdf-security-features,prevent-download-forward-print,keep,,Keep for now inside prevent-download-forward-print; page still needs a latest-template pass before any merge decision.,yes,missing-updatedDate
en,pdf-security-protection,online-viewing-preview,keep,,Keep for now inside online-viewing-preview; page still needs a latest-template pass before any merge decision.,yes,missing-updatedDate
en,pdf-security-set-view-limits-prevent-unauthorized-access,dynamic-watermark,keep,,Keep for now inside dynamic-watermark; page still needs a latest-template pass before any merge decision.,yes,missing-updatedDate
en,pdf-set-view-count-limit-guide,view-limit-access-control,keep,,Keep for now inside view-limit-access-control; page still needs a latest-template pass before any merge decision.,yes,missing-updatedDate
en,pdf-share-link-disable-download,prevent-download-forward-print,keep,,Keep for now inside prevent-download-forward-print; page still needs a latest-template pass before any merge decision.,yes,missing-updatedDate
en,pdf-share-online,view-limit-access-control,301,en/share-pdf-online,Inverted-wording alias should consolidate into the natural primary slug.,no,missing-updatedDate|duplicate-intent|sharing-basic
en,pdf-shareable-links,qr-sharing,keep,,Keep for now inside qr-sharing; page still needs a latest-template pass before any merge decision.,yes,missing-updatedDate|missing-showDefaultCta
en,pdf-sharing-benefits,prevent-download-forward-print,keep,,Keep for now inside prevent-download-forward-print; page still needs a latest-template pass before any merge decision.,yes,missing-updatedDate
en,pdf-sharing-control-revolution,prevent-download-forward-print,keep,,Keep for now inside prevent-download-forward-print; page still needs a latest-template pass before any merge decision.,yes,missing-updatedDate|missing-showDefaultCta
en,pdf-sharing-evolution-smart-control,view-limit-access-control,keep,,Keep for now inside view-limit-access-control; page still needs a latest-template pass before any merge decision.,yes,missing-updatedDate|missing-showDefaultCta
en,pdf-sharing-features-overview-visual-guide,offline-drm,keep,,Keep for now inside offline-drm; page still needs a latest-template pass before any merge decision.,yes,missing-updatedDate
en,pdf-sharing-introduction,prevent-download-forward-print,keep,,Keep for now inside prevent-download-forward-print; page still needs a latest-template pass before any merge decision.,yes,missing-updatedDate
en,pdf-sharing-revolution-maipdf,replace-same-link,keep,,Keep for now inside replace-same-link; page still needs a latest-template pass before any merge decision.,yes,missing-updatedDate
en,pdf-sharing-with-qr-code-complete-guide,qr-sharing,keep,,Keep as the current representative page for qr-sharing unless later consolidation data says otherwise.,no,
en,pdf-temporary-sharing-link,view-limit-access-control,keep,,Keep for now inside view-limit-access-control; page still needs a latest-template pass before any merge decision.,yes,missing-updatedDate
en,pdf-to-html-conversion,online-viewing-preview,keep,,Keep for now inside online-viewing-preview; page still needs a latest-template pass before any merge decision.,yes,missing-updatedDate|missing-showDefaultCta
en,pdf-to-qr,maiimg-image-sharing,301,en/pdf-sharing-with-qr-code-complete-guide,Same PDF-to-QR task as the canonical QR-sharing guide.,no,missing-updatedDate|missing-showDefaultCta|duplicate-intent|qr-sharing
en,pdf-to-shareable-link-tutorial,qr-sharing,keep,,Keep for now inside qr-sharing; page still needs a latest-template pass before any merge decision.,yes,missing-updatedDate|missing-showDefaultCta
en,pdf-watermarking-protect-documents-dynamic-security,dynamic-watermark,keep,,Keep for now inside dynamic-watermark; page still needs a latest-template pass before any merge decision.,yes,missing-updatedDate
en,prevent-file-copying-protection-guide,dynamic-watermark,keep,,Keep as the current representative page for dynamic-watermark unless later consolidation data says otherwise.,no,
en,prevent-pdf-downloads-complete-guide-view-only-sharing,prevent-download-forward-print,keep,,Keep for now inside prevent-download-forward-print; page still needs a latest-template pass before any merge decision.,yes,missing-updatedDate
en,prevent-pdf-downloads-view-only,prevent-download-forward-print,keep,,Keep for now inside prevent-download-forward-print; page still needs a latest-template pass before any merge decision.,yes,missing-updatedDate|missing-showDefaultCta
en,privnote-encrypted-note-sharing-complete-guide,privnote-self-destruct,keep,,Keep for now inside privnote-self-destruct; page still needs a latest-template pass before any merge decision.,yes,missing-updatedDate|missing-showDefaultCta
en,privnote-secure-self-destruct-messages-guide,privnote-self-destruct,keep,,Keep for now inside privnote-self-destruct; page still needs a latest-template pass before any merge decision.,yes,missing-updatedDate|missing-showDefaultCta
en,privnote-self-destruct-messages-use-cases,privnote-self-destruct,keep,,Keep for now inside privnote-self-destruct; page still needs a latest-template pass before any merge decision.,yes,missing-updatedDate|missing-showDefaultCta
en,programmer-document-security-maipdf,view-limit-access-control,keep,,Keep for now inside view-limit-access-control; page still needs a latest-template pass before any merge decision.,yes,missing-updatedDate|missing-showDefaultCta
en,qr-code-pdf-sharing-made-easy,qr-sharing,keep,,Keep as the current representative page for qr-sharing unless later consolidation data says otherwise.,yes,missing-showDefaultCta
en,qr-codes-for-document-distribution,qr-sharing,keep,,Keep for now inside qr-sharing; page still needs a latest-template pass before any merge decision.,yes,missing-updatedDate
en,qr-codes-for-pdf-access,qr-sharing,301,en/qr-codes-for-document-distribution,"Same QR-access intent, narrower wording.",no,missing-updatedDate|duplicate-intent|qr-sharing
en,qr-codes-future-digital-distribution,qr-sharing,301,en/qr-codes-for-document-distribution,Future-of-distribution framing overlaps the canonical QR document distribution guide.,no,missing-showDefaultCta|duplicate-intent|qr-sharing
en,qr-codes-pdf-distribution-modern-approach,qr-sharing,301,en/qr-codes-for-document-distribution,Modern-approach variant overlaps the broader document-distribution page.,no,missing-updatedDate|missing-showDefaultCta|duplicate-intent|qr-sharing
en,quick-pdf-links,qr-sharing,301,en/how-to-upload-a-pdf-and-generate-a-secure-link,Same upload-and-generate intent as the canonical secure-link guide.,no,missing-updatedDate|missing-showDefaultCta|duplicate-intent|sharing-basic
en,replace-email-attachments,replace-same-link,keep,,Keep for now inside replace-same-link; page still needs a latest-template pass before any merge decision.,yes,missing-updatedDate|missing-showDefaultCta
en,restrict-number-of-views-for-shared-pdf,view-limit-access-control,keep,,Keep for now inside view-limit-access-control; page still needs a latest-template pass before any merge decision.,yes,missing-updatedDate|missing-showDefaultCta
en,resume-link-generator-share-cv-professionally-securely,portfolio-resume,keep,,Keep for now inside portfolio-resume; page still needs a latest-template pass before any merge decision.,yes,missing-updatedDate
en,safe-client-image-delivery-tool,maiimg-image-sharing,keep,,Keep for now inside maiimg-image-sharing; page still needs a latest-template pass before any merge decision.,yes,maiimg-scope|missing-updatedDate|missing-showDefaultCta
en,safe-control-pdf,dynamic-watermark,keep,,Keep as the current representative page for dynamic-watermark unless later consolidation data says otherwise.,yes,missing-showDefaultCta
en,safeguard-your-pdfs-online,qr-sharing,keep,,Keep as the current representative page for qr-sharing unless later consolidation data says otherwise.,yes,missing-showDefaultCta
en,second-post,stub-test,301,en/pdf-link-sharing-modern-alternative-email-attachments,Legacy generic slug overlaps the stronger email-attachments replacement page.,no,missing-updatedDate|missing-showDefaultCta|legacy-test-slug|attachment-replacement
en,secure-architectural-plans-protecting-designs,prevent-download-forward-print,keep,,Keep for now inside prevent-download-forward-print; page still needs a latest-template pass before any merge decision.,yes,missing-updatedDate|missing-showDefaultCta
en,secure-document-distribution-for-corporate-teams,prevent-download-forward-print,keep,,Keep for now inside prevent-download-forward-print; page still needs a latest-template pass before any merge decision.,yes,missing-updatedDate|missing-showDefaultCta
en,secure-document-distribution-strategies,qr-sharing,keep,,Keep for now inside qr-sharing; page still needs a latest-template pass before any merge decision.,yes,missing-updatedDate|missing-showDefaultCta
en,secure-document-sharing-in-healthcare,enterprise-industry,keep,,Keep for now inside enterprise-industry; page still needs a latest-template pass before any merge decision.,yes,missing-updatedDate|missing-showDefaultCta
en,secure-pdf-links,qr-sharing,keep,,Keep as the current representative page for qr-sharing unless later consolidation data says otherwise.,yes,missing-showDefaultCta
en,secure-pdf-sharing-options,dynamic-watermark,keep,,Keep as the current representative page for dynamic-watermark unless later consolidation data says otherwise.,yes,missing-showDefaultCta
en,secure-pdf-view-limits,view-limit-access-control,keep,,Keep for now inside view-limit-access-control; page still needs a latest-template pass before any merge decision.,yes,missing-updatedDate|missing-showDefaultCta
en,secure-portfolio-sharing-for-designers,portfolio-resume,keep,,Keep for now inside portfolio-resume; page still needs a latest-template pass before any merge decision.,yes,missing-updatedDate|missing-showDefaultCta
en,secure-private-image-sharing-client-delivery,maiimg-image-sharing,keep,,Keep for now inside maiimg-image-sharing; page still needs a latest-template pass before any merge decision.,yes,maiimg-scope|missing-updatedDate|missing-showDefaultCta
en,security-best-practices,pdf-security-control,keep,,Keep for now inside pdf-security-control; page still needs a latest-template pass before any merge decision.,yes,missing-updatedDate|missing-showDefaultCta
en,send-client-proposals-that-expire-after-viewing,prevent-download-forward-print,keep,,Keep for now inside prevent-download-forward-print; page still needs a latest-template pass before any merge decision.,yes,missing-updatedDate
en,send-design-feedback-files-with-view-limits,prevent-download-forward-print,keep,,Keep for now inside prevent-download-forward-print; page still needs a latest-template pass before any merge decision.,yes,missing-updatedDate|missing-showDefaultCta
en,setting-view-limits,view-limit-access-control,keep,,Keep for now inside view-limit-access-control; page still needs a latest-template pass before any merge decision.,yes,missing-updatedDate|missing-showDefaultCta
en,share-design-portfolio-with-link,portfolio-resume,keep,,Keep as the current representative page for portfolio-resume unless later consolidation data says otherwise.,no,
en,share-images-smarter-way-maiimg,maiimg-image-sharing,keep,,Keep for now inside maiimg-image-sharing; page still needs a latest-template pass before any merge decision.,yes,maiimg-scope|missing-updatedDate|missing-showDefaultCta
en,share-pdf-as-link-not-attachment,qr-sharing,301,en/pdf-link-sharing-modern-alternative-email-attachments,Same message and task as the canonical attachment-replacement page.,no,missing-updatedDate|duplicate-intent|attachment-replacement
en,share-pdf-facebook,pdf-sharing-basic,keep,,Keep for now inside pdf-sharing-basic; page still needs a latest-template pass before any merge decision.,yes,missing-updatedDate|missing-showDefaultCta
en,share-pdf-online,online-viewing-preview,keep,,Keep as the current representative page for online-viewing-preview unless later consolidation data says otherwise.,no,
en,share-pdf-securely,prevent-download-forward-print,keep,,Keep as the current representative page for prevent-download-forward-print unless later consolidation data says otherwise.,no,
en,share-pdf-whatsapp,qr-sharing,keep,,Keep for now inside qr-sharing; page still needs a latest-template pass before any merge decision.,yes,missing-updatedDate|missing-showDefaultCta
en,share-resume-safely-link,portfolio-resume,keep,,Keep for now inside portfolio-resume; page still needs a latest-template pass before any merge decision.,yes,missing-updatedDate
en,share-sales-pitch-decks-that-cant-be-forwarded,prevent-download-forward-print,keep,,Keep for now inside prevent-download-forward-print; page still needs a latest-template pass before any merge decision.,yes,missing-updatedDate|missing-showDefaultCta
en,share-smart-limit-pdf-access-by-view-count,qr-sharing,keep,,Keep for now inside qr-sharing; page still needs a latest-template pass before any merge decision.,yes,missing-updatedDate|missing-showDefaultCta
en,skip-cloud-drive-hassle-share-health-reports-qr-code,qr-sharing,keep,,Keep for now inside qr-sharing; page still needs a latest-template pass before any merge decision.,yes,missing-updatedDate
en,smart-pdf-sharing,pdf-security-control,keep,,Keep for now inside pdf-security-control; page still needs a latest-template pass before any merge decision.,yes,missing-updatedDate
en,social-media-image-gallery-sharing-guide,maiimg-image-sharing,keep,,Keep for now inside maiimg-image-sharing; page still needs a latest-template pass before any merge decision.,yes,maiimg-scope|missing-updatedDate|missing-showDefaultCta
en,social-media-pdf-sharing,pdf-sharing-basic,keep,,Keep for now inside pdf-sharing-basic; page still needs a latest-template pass before any merge decision.,yes,missing-updatedDate|missing-showDefaultCta
en,streamlined-document-sharing-upload-process,pdf-security-control,keep,,Keep for now inside pdf-security-control; page still needs a latest-template pass before any merge decision.,yes,missing-updatedDate|missing-showDefaultCta
en,transform-pdfs-shareable-links-3-steps,qr-sharing,301,en/how-to-upload-a-pdf-and-generate-a-secure-link,Step-based variant should consolidate into the main how-to page.,no,missing-updatedDate|missing-showDefaultCta|duplicate-intent|sharing-basic
en,upload-pdf-get-link,prevent-download-forward-print,301,en/how-to-upload-a-pdf-and-generate-a-secure-link,Same primary task and query intent as the canonical secure-link guide.,no,missing-updatedDate|missing-showDefaultCta|duplicate-intent|sharing-basic
en,view-limits-and-expiration,prevent-download-forward-print,keep,,Keep for now inside prevent-download-forward-print; page still needs a latest-template pass before any merge decision.,yes,missing-updatedDate
en,watermark-intelligence-advanced-protection,dynamic-watermark,keep,,Keep for now inside dynamic-watermark; page still needs a latest-template pass before any merge decision.,yes,missing-updatedDate|missing-showDefaultCta
en,watermark-protection-basics,dynamic-watermark,keep,,Keep for now inside dynamic-watermark; page still needs a latest-template pass before any merge decision.,yes,missing-updatedDate
en,wechat-pdf-sharing,maiimg-image-sharing,keep,,Keep for now inside maiimg-image-sharing; page still needs a latest-template pass before any merge decision.,yes,missing-updatedDate|missing-showDefaultCta
en,zero-cost-pdf-sharing,pdf-sharing-basic,keep,,Keep for now inside pdf-sharing-basic; page still needs a latest-template pass before any merge decision.,yes,missing-updatedDate|missing-showDefaultCta
cn,access-control-permission-matrix,dynamic-watermark,keep,,Keep for now inside dynamic-watermark; page still needs a latest-template pass before any merge decision.,yes,missing-updatedDate|missing-heroImage|missing-showDefaultCta
cn,auto-delete-images-expiration-guide,maiimg-image-sharing,keep,,Keep for now inside maiimg-image-sharing; page still needs a latest-template pass before any merge decision.,yes,maiimg-scope|missing-updatedDate|missing-showDefaultCta
cn,compliance-document-distribution,portfolio-resume,keep,,Keep for now inside portfolio-resume; page still needs a latest-template pass before any merge decision.,yes,missing-updatedDate|missing-showDefaultCta
cn,content-creator-monetization-maipdf,view-limit-access-control,keep,,Keep for now inside view-limit-access-control; page still needs a latest-template pass before any merge decision.,yes,missing-updatedDate|missing-showDefaultCta
cn,convert-pdfs-to-shareable-links,online-viewing-preview,301,cn/upload-pdf-get-link,Same upload-to-link intent as the cleaner Chinese canonical page.,no,missing-updatedDate|missing-heroImage|missing-showDefaultCta|gsc-history|duplicate-intent|sharing-basic
cn,creative-portfolio-links-showcase-art-design-work-professionally,stub-test,301,cn/share-design-portfolio-with-link,Legacy translated portfolio slug should consolidate into the natural Chinese page.,no,gsc-placeholder-history|missing-updatedDate|missing-heroImage|missing-showDefaultCta|gsc-history|portfolio
cn,designer-portfolio-sharing-tutorial,portfolio-resume,keep,,Keep for now inside portfolio-resume; page still needs a latest-template pass before any merge decision.,yes,missing-updatedDate|missing-showDefaultCta
cn,designer-portfolio-sharing-tutorial/pdf-to-shareable-link-tutorial,stub-test,301,cn/share-design-portfolio-with-link,Nested legacy portfolio tutorial overlaps the canonical portfolio-sharing page.,no,nested-slug|gsc-placeholder-history|missing-updatedDate|missing-heroImage|missing-showDefaultCta|gsc-history|portfolio
cn,digital-watermarking-technology-technical-implementation,dynamic-watermark,keep,,Keep for now inside dynamic-watermark; page still needs a latest-template pass before any merge decision.,yes,missing-updatedDate|missing-showDefaultCta
cn,document-management-best-practices-visual,enterprise-industry,keep,,Keep for now inside enterprise-industry; page still needs a latest-template pass before any merge decision.,yes,missing-updatedDate|missing-heroImage|missing-showDefaultCta
cn,document-security-compliance-checklist,view-limit-access-control,keep,,Keep for now inside view-limit-access-control; page still needs a latest-template pass before any merge decision.,yes,missing-updatedDate|missing-heroImage|missing-showDefaultCta
cn,drm-digital-certificate-file-protection-guide,view-limit-access-control,keep,,Keep for now inside view-limit-access-control; page still needs a latest-template pass before any merge decision.,yes,missing-updatedDate|missing-showDefaultCta
cn,drm-limit-pdf-views-practical,offline-drm,301,cn/pdf-set-view-count-limit-guide,Practical variant targets the same view-limit query.,no,missing-updatedDate|missing-heroImage|missing-showDefaultCta|gsc-history|duplicate-intent|view-limit
cn,dynamic-qrcode-watermark,dynamic-watermark,keep,,Keep for now inside dynamic-watermark; page still needs a latest-template pass before any merge decision.,yes,missing-updatedDate|missing-showDefaultCta
cn,dynamic-watermark-technology,dynamic-watermark,keep,,Keep for now inside dynamic-watermark; page still needs a latest-template pass before any merge decision.,yes,missing-updatedDate|missing-showDefaultCta
cn,dynamic-watermarks-on-pdf,dynamic-watermark,301,cn/pdf-dynamic-watermark-security-guide,English-style alias should consolidate into the Chinese watermark guide.,no,missing-updatedDate|missing-heroImage|missing-showDefaultCta|gsc-history|watermark
cn,dynamic-watermarks-on-pdf-cn,dynamic-watermark,301,cn/pdf-dynamic-watermark-security-guide,Suffix-based duplicate should consolidate into one Chinese watermark guide.,no,missing-updatedDate|missing-showDefaultCta|duplicate-intent|watermark
cn,easy-pdf-sharing,maiimg-image-sharing,keep,,Keep for now inside maiimg-image-sharing; page still needs a latest-template pass before any merge decision.,yes,missing-updatedDate|missing-showDefaultCta
cn,education-digital-transformation-maipdf,view-limit-access-control,keep,,Keep for now inside view-limit-access-control; page still needs a latest-template pass before any merge decision.,yes,missing-updatedDate|missing-showDefaultCta
cn,education-pdf-security-guide,view-limit-access-control,keep,,Keep for now inside view-limit-access-control; page still needs a latest-template pass before any merge decision.,yes,missing-updatedDate|missing-showDefaultCta
cn,educator-pdf-sharing-guide,view-limit-access-control,keep,,Keep for now inside view-limit-access-control; page still needs a latest-template pass before any merge decision.,yes,missing-updatedDate|missing-showDefaultCta
cn,efficient-pdf-collaboration-maipdf,enterprise-industry,keep,,Keep for now inside enterprise-industry; page still needs a latest-template pass before any merge decision.,yes,missing-updatedDate|missing-showDefaultCta
cn,elegant-secure-sharing-resume-portfolio,portfolio-resume,keep,,Keep for now inside portfolio-resume; page still needs a latest-template pass before any merge decision.,yes,missing-updatedDate|missing-heroImage|missing-showDefaultCta
cn,email-pdf-links,replace-same-link,keep,,Keep for now inside replace-same-link; page still needs a latest-template pass before any merge decision.,yes,missing-updatedDate|missing-showDefaultCta
cn,enterprise-document-security,enterprise-industry,keep,,Keep for now inside enterprise-industry; page still needs a latest-template pass before any merge decision.,yes,missing-updatedDate|missing-showDefaultCta
cn,enterprise-document-security-maipdf-team,enterprise-industry,keep,,Keep for now inside enterprise-industry; page still needs a latest-template pass before any merge decision.,yes,missing-updatedDate|missing-showDefaultCta
cn,enterprise-document-security-management,enterprise-industry,keep,,Keep as the current representative page for enterprise-industry unless later consolidation data says otherwise.,no,
cn,enterprise-document-security-team-version,enterprise-industry,keep,,Keep for now inside enterprise-industry; page still needs a latest-template pass before any merge decision.,yes,missing-updatedDate|missing-showDefaultCta
cn,enterprise-file-destruction-system,privnote-self-destruct,keep,,Keep for now inside privnote-self-destruct; page still needs a latest-template pass before any merge decision.,yes,missing-updatedDate|missing-showDefaultCta
cn,enterprise-pdf-document-management-guide,maiimg-image-sharing,keep,,Keep for now inside maiimg-image-sharing; page still needs a latest-template pass before any merge decision.,yes,missing-updatedDate|missing-showDefaultCta
cn,enterprise-pdf-encryption-traceability,view-limit-access-control,keep,,Keep for now inside view-limit-access-control; page still needs a latest-template pass before any merge decision.,yes,missing-updatedDate|missing-showDefaultCta
cn,fast-pdf-sharing-download-control,dynamic-watermark,301,cn/share-pdf-securely,Fast-sharing angle still resolves to the main secure-sharing intent.,no,missing-updatedDate|missing-heroImage|missing-showDefaultCta|gsc-history|sharing-security
cn,faster-pdf-loading-enhanced-performance,replace-same-link,keep,,Keep for now inside replace-same-link; page still needs a latest-template pass before any merge decision.,yes,missing-updatedDate|missing-heroImage|missing-showDefaultCta
cn,file-self-destruction-guide,privnote-self-destruct,keep,,Keep for now inside privnote-self-destruct; page still needs a latest-template pass before any merge decision.,yes,missing-updatedDate|missing-showDefaultCta
cn,free-image-storage-online-image-storage,maiimg-image-sharing,keep,,Keep for now inside maiimg-image-sharing; page still needs a latest-template pass before any merge decision.,yes,maiimg-scope|missing-updatedDate|missing-showDefaultCta
cn,free-pdf-hosting,view-limit-access-control,keep,,Keep for now inside view-limit-access-control; page still needs a latest-template pass before any merge decision.,yes,missing-updatedDate|missing-showDefaultCta
cn,free-pdf-sharing-tools-comparison-guide,pdf-security-control,keep,,Keep for now inside pdf-security-control; page still needs a latest-template pass before any merge decision.,yes,missing-updatedDate|missing-showDefaultCta
cn,free-pdf-tools-no-download-registration,maiimg-image-sharing,keep,,Keep for now inside maiimg-image-sharing; page still needs a latest-template pass before any merge decision.,yes,missing-updatedDate|missing-showDefaultCta
cn,free-pdf-tools-to-boost-productivity,pdf-security-control,keep,,Keep for now inside pdf-security-control; page still needs a latest-template pass before any merge decision.,yes,missing-updatedDate|missing-showDefaultCta
cn,host-pdf-online-secure-sharing-guide,replace-same-link,keep,,Keep for now inside replace-same-link; page still needs a latest-template pass before any merge decision.,yes,missing-updatedDate|missing-heroImage
cn,how-to-create-offline-pdf-package-guide,offline-drm,keep,,Keep for now inside offline-drm; page still needs a latest-template pass before any merge decision.,yes,missing-updatedDate|missing-showDefaultCta
cn,how-to-make-a-download-link-for-a-pdf,qr-sharing,keep,,Keep for now inside qr-sharing; page still needs a latest-template pass before any merge decision.,yes,missing-updatedDate|missing-showDefaultCta
cn,how-to-make-pdf-browsable-online,online-viewing-preview,keep,,Keep for now inside online-viewing-preview; page still needs a latest-template pass before any merge decision.,yes,missing-updatedDate|missing-showDefaultCta
cn,how-to-share-pdf-online-securely-complete-guide,pdf-security-control,301,cn/share-pdf-securely,Long-form translated variant overlaps the main secure-sharing page.,no,missing-updatedDate|missing-heroImage|missing-showDefaultCta|gsc-history|sharing-security
cn,how-to-share-pdfs-that-recipients-cant-download-or-copy,prevent-download-forward-print,301,cn/pdf-share-link-disable-download,Same no-download / no-copy problem as the canonical protection page.,no,missing-updatedDate|missing-heroImage|missing-showDefaultCta|gsc-history|download-control
cn,image-hosting-api-free-image-upload-api,maiimg-image-sharing,keep,,Keep for now inside maiimg-image-sharing; page still needs a latest-template pass before any merge decision.,yes,maiimg-scope|missing-updatedDate|missing-showDefaultCta
cn,image-hosting-service-comparison-free-image-hosting,maiimg-image-sharing,keep,,Keep for now inside maiimg-image-sharing; page still needs a latest-template pass before any merge decision.,yes,maiimg-scope|missing-updatedDate|missing-showDefaultCta
cn,image-link-generator-free-image-url-generator,maiimg-image-sharing,keep,,Keep for now inside maiimg-image-sharing; page still needs a latest-template pass before any merge decision.,yes,maiimg-scope|missing-updatedDate|missing-showDefaultCta
cn,image-sharing-introduction,maiimg-image-sharing,keep,,Keep for now inside maiimg-image-sharing; page still needs a latest-template pass before any merge decision.,yes,maiimg-scope|missing-updatedDate|missing-showDefaultCta
cn,image-sharing-security-guide,maiimg-image-sharing,301,cn/maiimg-secure-image-sharing-access-control,Image security topic belongs under the stronger MaiImg access-control guide.,no,maiimg-scope|missing-updatedDate|missing-heroImage|missing-showDefaultCta|gsc-history|maiimg
cn,instant-pdf-link-generation,pdf-sharing-basic,301,cn/upload-pdf-get-link,Instant link wording overlaps the core upload-and-get-link page.,no,missing-updatedDate|missing-heroImage|missing-showDefaultCta|gsc-history|sharing-basic
cn,introducing-maiimg-secure-image-sharing-qr-codes,maiimg-image-sharing,301,cn/maiimg-qr-code-sharing-guide,Announcement-style variant should consolidate into the real QR-sharing guide.,no,maiimg-scope|missing-updatedDate|missing-heroImage|missing-showDefaultCta|gsc-history|maiimg|qr-sharing
cn,limit-pdf-views-drm,offline-drm,301,cn/pdf-set-view-count-limit-guide,Same task as the more explicit Chinese view-count guide.,no,missing-updatedDate|missing-heroImage|missing-showDefaultCta|gsc-history|view-limit
cn,maiimg-bulk-image-sharing-guide,maiimg-image-sharing,keep,,Keep for now inside maiimg-image-sharing; page still needs a latest-template pass before any merge decision.,yes,maiimg-scope|missing-updatedDate|missing-showDefaultCta
cn,maiimg-complete-workflow-guide-with-diagrams,maiimg-image-sharing,keep,,Keep for now inside maiimg-image-sharing; page still needs a latest-template pass before any merge decision.,yes,maiimg-scope|missing-updatedDate|missing-showDefaultCta
cn,maiimg-education-training-image-sharing,maiimg-image-sharing,keep,,Keep for now inside maiimg-image-sharing; page still needs a latest-template pass before any merge decision.,yes,maiimg-scope|missing-updatedDate|missing-showDefaultCta
cn,maiimg-encryption-prevent-forwarding-complete-guide,maiimg-image-sharing,keep,,Keep for now inside maiimg-image-sharing; page still needs a latest-template pass before any merge decision.,yes,maiimg-scope|missing-updatedDate|missing-showDefaultCta
cn,maiimg-event-photo-distribution-guide,maiimg-image-sharing,keep,,Keep for now inside maiimg-image-sharing; page still needs a latest-template pass before any merge decision.,yes,maiimg-scope|missing-updatedDate|missing-showDefaultCta
cn,maiimg-image-sharing-workflow-5-steps,maiimg-image-sharing,keep,,Keep for now inside maiimg-image-sharing; page still needs a latest-template pass before any merge decision.,yes,maiimg-scope|missing-updatedDate|missing-heroImage|missing-showDefaultCta
cn,maiimg-link-generation-guide,maiimg-image-sharing,keep,,Keep for now inside maiimg-image-sharing; page still needs a latest-template pass before any merge decision.,yes,maiimg-scope|missing-updatedDate|missing-showDefaultCta
cn,maiimg-medical-beauty-case-sharing-guide,maiimg-image-sharing,keep,,Keep for now inside maiimg-image-sharing; page still needs a latest-template pass before any merge decision.,yes,maiimg-scope|missing-updatedDate|missing-showDefaultCta
cn,maiimg-product-image-collaboration-guide,maiimg-image-sharing,keep,,Keep for now inside maiimg-image-sharing; page still needs a latest-template pass before any merge decision.,yes,maiimg-scope|missing-updatedDate|missing-showDefaultCta
cn,maiimg-qr-code-generation,maiimg-image-sharing,301,cn/maiimg-qrcode-generation-guide,Two slugs for the same MaiImg QR-generation task.,no,maiimg-scope|missing-updatedDate|missing-heroImage|missing-showDefaultCta|gsc-history|maiimg|qr-sharing
cn,maiimg-qr-code-sharing-guide,maiimg-image-sharing,keep,,Keep for now inside maiimg-image-sharing; page still needs a latest-template pass before any merge decision.,yes,maiimg-scope|missing-updatedDate|missing-showDefaultCta
cn,maiimg-qrcode-generation-guide,maiimg-image-sharing,keep,,Keep for now inside maiimg-image-sharing; page still needs a latest-template pass before any merge decision.,yes,maiimg-scope|missing-updatedDate|missing-showDefaultCta
cn,maiimg-qrcode-image-sharing-guide,maiimg-image-sharing,keep,,Keep for now inside maiimg-image-sharing; page still needs a latest-template pass before any merge decision.,yes,maiimg-scope|missing-updatedDate|missing-heroImage|missing-showDefaultCta
cn,maiimg-quick-image-sharing-guide,maiimg-image-sharing,keep,,Keep for now inside maiimg-image-sharing; page still needs a latest-template pass before any merge decision.,yes,maiimg-scope|missing-updatedDate|missing-showDefaultCta
cn,maiimg-real-estate-image-sharing-guide,maiimg-image-sharing,keep,,Keep for now inside maiimg-image-sharing; page still needs a latest-template pass before any merge decision.,yes,maiimg-scope|missing-updatedDate|missing-showDefaultCta
cn,maiimg-secure-image-sharing-access-control,maiimg-image-sharing,keep,,Keep for now inside maiimg-image-sharing; page still needs a latest-template pass before any merge decision.,yes,maiimg-scope|missing-updatedDate|missing-heroImage|missing-showDefaultCta
cn,maiimg-social-media-campaign-calendar-guide,maiimg-image-sharing,keep,,Keep for now inside maiimg-image-sharing; page still needs a latest-template pass before any merge decision.,yes,maiimg-scope|missing-updatedDate|missing-showDefaultCta
cn,maiimg-three-core-features-explained,maiimg-image-sharing,keep,,Keep for now inside maiimg-image-sharing; page still needs a latest-template pass before any merge decision.,yes,maiimg-scope|missing-updatedDate|missing-heroImage|missing-showDefaultCta
cn,maiimg-wedding-photography-delivery-guide,maiimg-image-sharing,keep,,Keep for now inside maiimg-image-sharing; page still needs a latest-template pass before any merge decision.,yes,maiimg-scope|missing-updatedDate|missing-showDefaultCta
cn,maipdf-best-choice-secure-pdf-sharing,enterprise-industry,keep,,Keep as the current representative page for enterprise-industry unless later consolidation data says otherwise.,no,
cn,maipdf-complete-workflow-guide-with-diagrams,qr-sharing,keep,,Keep for now inside qr-sharing; page still needs a latest-template pass before any merge decision.,yes,missing-updatedDate|missing-showDefaultCta
cn,maipdf-expiration-self-destruct-guide,privnote-self-destruct,keep,,Keep for now inside privnote-self-destruct; page still needs a latest-template pass before any merge decision.,yes,missing-updatedDate|missing-showDefaultCta
cn,maipdf-expiration-setting-guide,offline-drm,keep,,Keep for now inside offline-drm; page still needs a latest-template pass before any merge decision.,yes,missing-updatedDate|missing-showDefaultCta
cn,maipdf-h5-generation-guide,pdf-sharing-basic,keep,,Keep for now inside pdf-sharing-basic; page still needs a latest-template pass before any merge decision.,yes,missing-updatedDate|missing-showDefaultCta
cn,maipdf-instant-link-generation-guide,qr-sharing,keep,,Keep for now inside qr-sharing; page still needs a latest-template pass before any merge decision.,yes,missing-updatedDate|missing-showDefaultCta
cn,maipdf-link-generation-guide,pdf-security-control,keep,,Keep for now inside pdf-security-control; page still needs a latest-template pass before any merge decision.,yes,missing-updatedDate|missing-showDefaultCta
cn,maipdf-print-restriction-guide,dynamic-watermark,keep,,Keep for now inside dynamic-watermark; page still needs a latest-template pass before any merge decision.,yes,missing-updatedDate|missing-showDefaultCta
cn,maipdf-qrcode-generation-guide,qr-sharing,keep,,Keep for now inside qr-sharing; page still needs a latest-template pass before any merge decision.,yes,missing-updatedDate|missing-showDefaultCta
cn,maipdf-secure-efficient-sharing,view-limit-access-control,keep,,Keep for now inside view-limit-access-control; page still needs a latest-template pass before any merge decision.,yes,missing-updatedDate
cn,maipdf-view-count-setting-guide,view-limit-access-control,keep,,Keep for now inside view-limit-access-control; page still needs a latest-template pass before any merge decision.,yes,missing-updatedDate|missing-showDefaultCta
cn,make-pdf-into-a-link,maiimg-image-sharing,keep,,Keep for now inside maiimg-image-sharing; page still needs a latest-template pass before any merge decision.,yes,missing-updatedDate|missing-showDefaultCta
cn,marketing-materials-dynamic-watermark,dynamic-watermark,keep,,Keep for now inside dynamic-watermark; page still needs a latest-template pass before any merge decision.,yes,missing-updatedDate|missing-showDefaultCta
cn,minimalist-pdf-link-generator,pdf-sharing-basic,301,cn/maipdf-link-generation-guide,Link-generator variant overlaps the stronger product-specific guide.,no,missing-updatedDate|missing-heroImage|missing-showDefaultCta|gsc-history|sharing-basic
cn,mobile-qr-code-pdf-reading,qr-sharing,301,cn/mobile-qr-scan-read-pdf-guide,Same mobile QR reading task as the stronger guide.,no,missing-updatedDate|missing-showDefaultCta|duplicate-intent|qr-sharing|mobile
cn,mobile-qr-scan-read-pdf-guide,qr-sharing,keep,,Keep for now inside qr-sharing; page still needs a latest-template pass before any merge decision.,yes,missing-updatedDate|missing-showDefaultCta
cn,mobile-verification-document-security,view-limit-access-control,keep,,Keep for now inside view-limit-access-control; page still needs a latest-template pass before any merge decision.,yes,missing-updatedDate|missing-showDefaultCta
cn,mobile-verification-pdf-security-guide,view-limit-access-control,keep,,Keep for now inside view-limit-access-control; page still needs a latest-template pass before any merge decision.,yes,missing-updatedDate|missing-showDefaultCta
cn,modify-link,replace-same-link,keep,,Keep for now inside replace-same-link; page still needs a latest-template pass before any merge decision.,yes,missing-updatedDate|missing-heroImage|missing-showDefaultCta
cn,network-verification-protocols,prevent-download-forward-print,301,cn/mobile-verification-document-security,Verification-protocol content overlaps the clearer Chinese mobile-verification page.,no,missing-updatedDate|missing-heroImage|missing-showDefaultCta|gsc-history|verification
cn,offline-pdf-drm-enterprise-solution,offline-drm,keep,,Keep for now inside offline-drm; page still needs a latest-template pass before any merge decision.,yes,missing-updatedDate|missing-showDefaultCta
cn,offline-pdf-drm-mode,offline-drm,keep,,Keep for now inside offline-drm; page still needs a latest-template pass before any merge decision.,yes,missing-updatedDate|missing-showDefaultCta
cn,offline-pdf-drm-workflow-guide,offline-drm,keep,,Keep for now inside offline-drm; page still needs a latest-template pass before any merge decision.,yes,missing-updatedDate|missing-heroImage|missing-showDefaultCta
cn,offline-pdf-sharing-complete-guide,offline-drm,keep,,Keep for now inside offline-drm; page still needs a latest-template pass before any merge decision.,yes,missing-updatedDate|missing-showDefaultCta
cn,offline-vs-online-pdf-sharing-comparison,offline-drm,keep,,Keep for now inside offline-drm; page still needs a latest-template pass before any merge decision.,yes,missing-updatedDate|missing-showDefaultCta
cn,one-click-pdf-link-qrcode,portfolio-resume,301,cn/qr-code-pdf-sharing,One-click QR link wording overlaps the main QR PDF-sharing page.,no,missing-updatedDate|missing-showDefaultCta|duplicate-intent|qr-sharing
cn,one-click-pdf-sharing-wechat,offline-drm,301,cn/wechat-pdf-sharing,WeChat sharing alias should consolidate into the focused WeChat guide.,no,missing-updatedDate|missing-showDefaultCta|duplicate-intent|qr-sharing|wechat
cn,one-click-share-multiple-images-gallery-sharing,maiimg-image-sharing,keep,,Keep for now inside maiimg-image-sharing; page still needs a latest-template pass before any merge decision.,yes,maiimg-scope|missing-updatedDate|missing-showDefaultCta
cn,online-vs-offline-pdf-security,portfolio-resume,keep,,Keep for now inside portfolio-resume; page still needs a latest-template pass before any merge decision.,yes,missing-updatedDate|missing-showDefaultCta
cn,pdf-access-control-view-limits,offline-drm,keep,,Keep for now inside offline-drm; page still needs a latest-template pass before any merge decision.,yes,missing-updatedDate|missing-showDefaultCta
cn,pdf-access-control-view-limits-expiration,offline-drm,keep,,Keep for now inside offline-drm; page still needs a latest-template pass before any merge decision.,yes,missing-updatedDate|missing-showDefaultCta
cn,pdf-access-control-viewing-limits,replace-same-link,keep,,Keep for now inside replace-same-link; page still needs a latest-template pass before any merge decision.,yes,missing-updatedDate|missing-showDefaultCta
cn,pdf-access-controls-practical-implementation,view-limit-access-control,301,cn/pdf-access-limit-control-guide,Practical implementation variant overlaps the stronger access-limit guide.,no,missing-updatedDate|missing-heroImage|missing-showDefaultCta|gsc-history|view-limit
cn,pdf-access-limit-control-guide,view-limit-access-control,keep,,Keep for now inside view-limit-access-control; page still needs a latest-template pass before any merge decision.,yes,missing-updatedDate|missing-showDefaultCta
cn,pdf-access-limit-tutorial,view-limit-access-control,keep,,Keep for now inside view-limit-access-control; page still needs a latest-template pass before any merge decision.,yes,missing-updatedDate|missing-showDefaultCta
cn,pdf-disable-printing-protection-guide,prevent-download-forward-print,keep,,Keep for now inside prevent-download-forward-print; page still needs a latest-template pass before any merge decision.,yes,missing-updatedDate|missing-showDefaultCta
cn,pdf-dynamic-watermark-security-guide,dynamic-watermark,keep,,Keep for now inside dynamic-watermark; page still needs a latest-template pass before any merge decision.,yes,missing-updatedDate|missing-showDefaultCta
cn,pdf-encryption-edit-protection,offline-drm,keep,,Keep for now inside offline-drm; page still needs a latest-template pass before any merge decision.,yes,missing-updatedDate|missing-showDefaultCta
cn,pdf-encryption-prevent-forwarding-complete-guide,dynamic-watermark,keep,,Keep for now inside dynamic-watermark; page still needs a latest-template pass before any merge decision.,yes,missing-updatedDate|missing-showDefaultCta
cn,pdf-link-view-limit-watermark,dynamic-watermark,keep,,Keep for now inside dynamic-watermark; page still needs a latest-template pass before any merge decision.,yes,missing-updatedDate|missing-showDefaultCta
cn,pdf-offline-html-package,offline-drm,keep,,Keep for now inside offline-drm; page still needs a latest-template pass before any merge decision.,yes,missing-updatedDate|missing-showDefaultCta
cn,pdf-one-click-share-links-maipdf,view-limit-access-control,keep,,Keep for now inside view-limit-access-control; page still needs a latest-template pass before any merge decision.,yes,missing-updatedDate|missing-showDefaultCta
cn,pdf-online-drm-complete-guide,view-limit-access-control,keep,,Keep for now inside view-limit-access-control; page still needs a latest-template pass before any merge decision.,yes,missing-updatedDate|missing-showDefaultCta
cn,pdf-online-preview,online-viewing-preview,keep,,Keep for now inside online-viewing-preview; page still needs a latest-template pass before any merge decision.,yes,missing-updatedDate|missing-showDefaultCta
cn,pdf-online-sharing-security-best-practices,maiimg-image-sharing,keep,,Keep for now inside maiimg-image-sharing; page still needs a latest-template pass before any merge decision.,yes,missing-updatedDate|missing-showDefaultCta
cn,pdf-online-viewer-prevent-copy,maiimg-image-sharing,keep,,Keep for now inside maiimg-image-sharing; page still needs a latest-template pass before any merge decision.,yes,missing-updatedDate|missing-showDefaultCta
cn,pdf-online-viewing-guide,view-limit-access-control,keep,,Keep for now inside view-limit-access-control; page still needs a latest-template pass before any merge decision.,yes,missing-updatedDate|missing-showDefaultCta
cn,pdf-online-viewing-without-download,portfolio-resume,keep,,Keep as the current representative page for portfolio-resume unless later consolidation data says otherwise.,no,
cn,pdf-prevent-forwarding-guide,dynamic-watermark,keep,,Keep for now inside dynamic-watermark; page still needs a latest-template pass before any merge decision.,yes,missing-updatedDate|missing-showDefaultCta
cn,pdf-qr-code-generation-guide,qr-sharing,keep,,Keep for now inside qr-sharing; page still needs a latest-template pass before any merge decision.,yes,missing-updatedDate|missing-showDefaultCta
cn,pdf-qrcode-generation-tutorial,qr-sharing,301,cn/pdf-qr-code-generation-guide,Two Chinese slugs for the same PDF QR-generation task.,no,missing-updatedDate|missing-showDefaultCta|duplicate-intent|qr-sharing
cn,pdf-quick-share-3-steps,offline-drm,keep,,Keep for now inside offline-drm; page still needs a latest-template pass before any merge decision.,yes,missing-updatedDate|missing-heroImage|missing-showDefaultCta
cn,pdf-safe-sharing-for-training,enterprise-industry,keep,,Keep for now inside enterprise-industry; page still needs a latest-template pass before any merge decision.,yes,missing-updatedDate|missing-showDefaultCta
cn,pdf-safe-sharing-training-2,enterprise-industry,keep,,Keep for now inside enterprise-industry; page still needs a latest-template pass before any merge decision.,yes,missing-updatedDate|missing-showDefaultCta
cn,pdf-secure-sharing-control,view-limit-access-control,keep,,Keep for now inside view-limit-access-control; page still needs a latest-template pass before any merge decision.,yes,missing-updatedDate|missing-showDefaultCta
cn,pdf-security-best-practices-complete-guide,dynamic-watermark,301,cn/pdf-security-protection,Broad best-practices variant should consolidate into the main protection page.,no,missing-updatedDate|missing-heroImage|missing-showDefaultCta|gsc-history|security-control
cn,pdf-security-protection,dynamic-watermark,keep,,Keep for now inside dynamic-watermark; page still needs a latest-template pass before any merge decision.,yes,missing-updatedDate|missing-showDefaultCta
cn,pdf-security-set-view-limits-prevent-unauthorized-access,prevent-download-forward-print,301,cn/pdf-set-view-count-limit-guide,View-limit security variant overlaps the main count-limit guide.,no,missing-updatedDate|missing-heroImage|missing-showDefaultCta|gsc-history|view-limit
cn,pdf-set-view-count-limit-guide,portfolio-resume,keep,,Keep as the current representative page for portfolio-resume unless later consolidation data says otherwise.,no,
cn,pdf-share-link-disable-download,portfolio-resume,keep,,Keep as the current representative page for portfolio-resume unless later consolidation data says otherwise.,no,
cn,pdf-sharing-benefits,maiimg-image-sharing,301,cn/share-pdf-online,Benefits framing overlaps the main Chinese share-online page.,no,missing-updatedDate|missing-heroImage|missing-showDefaultCta|gsc-history|sharing-basic
cn,pdf-sharing-control-revolution,maiimg-image-sharing,keep,,Keep for now inside maiimg-image-sharing; page still needs a latest-template pass before any merge decision.,yes,missing-updatedDate|missing-showDefaultCta
cn,pdf-sharing-evolution-smart-control,view-limit-access-control,keep,,Keep for now inside view-limit-access-control; page still needs a latest-template pass before any merge decision.,yes,missing-updatedDate|missing-heroImage|missing-showDefaultCta
cn,pdf-sharing-introduction,enterprise-industry,keep,,Keep for now inside enterprise-industry; page still needs a latest-template pass before any merge decision.,yes,missing-updatedDate|missing-showDefaultCta
cn,pdf-sharing-like-webpage,qr-sharing,keep,,Keep for now inside qr-sharing; page still needs a latest-template pass before any merge decision.,yes,missing-updatedDate|missing-showDefaultCta
cn,pdf-sharing-revolution-maipdf,pdf-security-control,keep,,Keep for now inside pdf-security-control; page still needs a latest-template pass before any merge decision.,yes,missing-updatedDate|missing-showDefaultCta
cn,pdf-sharing-stickers,portfolio-resume,keep,,Keep for now inside portfolio-resume; page still needs a latest-template pass before any merge decision.,yes,missing-updatedDate|missing-showDefaultCta
cn,pdf-temporary-sharing-link,view-limit-access-control,keep,,Keep for now inside view-limit-access-control; page still needs a latest-template pass before any merge decision.,yes,missing-updatedDate|missing-showDefaultCta
cn,pdf-to-html-conversion,offline-drm,keep,,Keep for now inside offline-drm; page still needs a latest-template pass before any merge decision.,yes,missing-updatedDate|missing-showDefaultCta
cn,pdf-to-shareable-link-tutorial,online-viewing-preview,keep,,Keep for now inside online-viewing-preview; page still needs a latest-template pass before any merge decision.,yes,missing-updatedDate|missing-showDefaultCta
cn,pdf-watermark-protection-tutorial,dynamic-watermark,keep,,Keep for now inside dynamic-watermark; page still needs a latest-template pass before any merge decision.,yes,missing-updatedDate|missing-showDefaultCta
cn,prevent-file-copying-protection-guide,prevent-download-forward-print,keep,,Keep for now inside prevent-download-forward-print; page still needs a latest-template pass before any merge decision.,yes,missing-updatedDate|missing-showDefaultCta
cn,privnote-encrypted-note-sharing-complete-guide,privnote-self-destruct,keep,,Keep for now inside privnote-self-destruct; page still needs a latest-template pass before any merge decision.,yes,missing-updatedDate|missing-showDefaultCta
cn,privnote-secure-self-destruct-messages-guide,privnote-self-destruct,keep,,Keep for now inside privnote-self-destruct; page still needs a latest-template pass before any merge decision.,yes,missing-updatedDate|missing-showDefaultCta
cn,privnote-self-destruct-messages-use-cases,privnote-self-destruct,keep,,Keep for now inside privnote-self-destruct; page still needs a latest-template pass before any merge decision.,yes,missing-updatedDate|missing-showDefaultCta
cn,programmer-document-security-maipdf,enterprise-industry,keep,,Keep for now inside enterprise-industry; page still needs a latest-template pass before any merge decision.,yes,missing-updatedDate|missing-showDefaultCta
cn,qr-code-pdf-sharing,maiimg-image-sharing,keep,,Keep as the current representative page for maiimg-image-sharing unless later consolidation data says otherwise.,no,
cn,qr-code-pdf-sharing-made-easy,qr-sharing,keep,,Keep for now inside qr-sharing; page still needs a latest-template pass before any merge decision.,yes,missing-updatedDate|missing-showDefaultCta
cn,qr-codes-future-digital-distribution,maiimg-image-sharing,keep,,Keep for now inside maiimg-image-sharing; page still needs a latest-template pass before any merge decision.,yes,missing-updatedDate|missing-showDefaultCta
cn,qrcode-pdf-sharing,qr-sharing,301,cn/qr-code-pdf-sharing,Inverted-wording alias should consolidate into the natural Chinese canonical slug.,no,missing-updatedDate|missing-showDefaultCta|duplicate-intent|qr-sharing
cn,qrcode-pdf-sharing-revolution,qr-sharing,301,cn/qr-code-pdf-sharing,Revolution framing overlaps the canonical QR PDF-sharing page.,no,missing-updatedDate|missing-showDefaultCta|duplicate-intent|qr-sharing
cn,qrcode-share-pdf-3-steps,qr-sharing,keep,,Keep for now inside qr-sharing; page still needs a latest-template pass before any merge decision.,yes,missing-updatedDate|missing-heroImage|missing-showDefaultCta
cn,quick-pdf-links,online-viewing-preview,301,cn/upload-pdf-get-link,Quick-links variant overlaps the core upload-and-get-link page.,no,missing-updatedDate|missing-heroImage|missing-showDefaultCta|gsc-history|sharing-basic
cn,replace-email-attachments,replace-same-link,301,cn/share-pdf-online,Attachment-replacement promise still resolves to the main online-sharing page.,no,missing-updatedDate|missing-heroImage|missing-showDefaultCta|gsc-history|attachment-replacement
cn,replace-pdf-keep-link-maipdf,maiimg-image-sharing,301,cn/replace-pdf-keep-the-same-link,Duplicate same-link replacement guide with a weaker slug.,no,missing-updatedDate|missing-heroImage|missing-showDefaultCta|duplicate-intent|same-link-update
cn,replace-pdf-keep-the-same-link,portfolio-resume,keep,,Keep as the current representative page for portfolio-resume unless later consolidation data says otherwise.,no,
cn,restrict-number-of-views-for-shared-pdf,view-limit-access-control,301,cn/pdf-set-view-count-limit-guide,Same open-limit intent as the canonical count-limit guide.,no,missing-updatedDate|missing-heroImage|missing-showDefaultCta|gsc-history|view-limit
cn,safe-client-image-delivery-tool,maiimg-image-sharing,keep,,Keep for now inside maiimg-image-sharing; page still needs a latest-template pass before any merge decision.,yes,maiimg-scope|missing-updatedDate|missing-showDefaultCta
cn,safe-control-pdf,maiimg-image-sharing,keep,,Keep for now inside maiimg-image-sharing; page still needs a latest-template pass before any merge decision.,yes,missing-updatedDate|missing-heroImage|missing-showDefaultCta
cn,safeguard-your-pdfs-online,enterprise-industry,keep,,Keep for now inside enterprise-industry; page still needs a latest-template pass before any merge decision.,yes,missing-updatedDate|missing-showDefaultCta
cn,scan-qrcode-read-pdf,qr-sharing,301,cn/mobile-qr-scan-read-pdf-guide,Same scan-and-read intent as the mobile QR guide.,no,missing-updatedDate|missing-showDefaultCta|duplicate-intent|qr-sharing|mobile
cn,secure-document-distribution-for-corporate-teams,prevent-download-forward-print,301,cn/enterprise-document-security-management,Corporate distribution topic overlaps the broader enterprise document-security page.,no,missing-updatedDate|missing-heroImage|missing-showDefaultCta|gsc-history|enterprise
cn,secure-document-sharing-in-healthcare,maiimg-image-sharing,keep,,Keep for now inside maiimg-image-sharing; page still needs a latest-template pass before any merge decision.,yes,missing-updatedDate|missing-showDefaultCta
cn,secure-pdf-sharing-options,dynamic-watermark,301,cn/maipdf-best-choice-secure-pdf-sharing,Options comparison variant overlaps the stronger core secure-sharing page.,no,missing-updatedDate|missing-heroImage|missing-showDefaultCta|gsc-history|sharing-security
cn,secure-private-image-sharing-client-delivery,maiimg-image-sharing,keep,,Keep for now inside maiimg-image-sharing; page still needs a latest-template pass before any merge decision.,yes,maiimg-scope|missing-updatedDate|missing-showDefaultCta
cn,share-design-portfolio-with-link,portfolio-resume,keep,,Keep as the current representative page for portfolio-resume unless later consolidation data says otherwise.,no,
cn,share-pdf-facebook,pdf-sharing-basic,keep,,Keep for now inside pdf-sharing-basic; page still needs a latest-template pass before any merge decision.,yes,missing-updatedDate|missing-showDefaultCta
cn,share-pdf-online,pdf-sharing-basic,keep,,Keep as the current representative page for pdf-sharing-basic unless later consolidation data says otherwise.,no,
cn,share-pdf-online-free-secure-tool,qr-sharing,301,cn/share-pdf-online,Free-tool wording overlaps the primary share-online page.,no,missing-updatedDate|missing-heroImage|missing-showDefaultCta|gsc-history|sharing-basic
cn,share-pdf-securely,pdf-security-control,keep,,Keep as the current representative page for pdf-security-control unless later consolidation data says otherwise.,no,
cn,share-pdf-whatsapp,qr-sharing,keep,,Keep for now inside qr-sharing; page still needs a latest-template pass before any merge decision.,yes,missing-updatedDate|missing-showDefaultCta
cn,skip-cloud-drive-hassle-share-health-reports-qr-code,maiimg-image-sharing,301,cn/secure-document-sharing-in-healthcare,Healthcare QR-sharing use case belongs under the stronger healthcare page.,no,missing-updatedDate|missing-heroImage|missing-showDefaultCta|gsc-history|enterprise|healthcare
cn,smart-pdf-sharing,qr-sharing,keep,,Keep for now inside qr-sharing; page still needs a latest-template pass before any merge decision.,yes,missing-updatedDate|missing-showDefaultCta
cn,social-media-image-gallery-sharing-guide,maiimg-image-sharing,keep,,Keep for now inside maiimg-image-sharing; page still needs a latest-template pass before any merge decision.,yes,maiimg-scope|missing-updatedDate|missing-showDefaultCta
cn,social-media-pdf-sharing,pdf-sharing-basic,keep,,Keep for now inside pdf-sharing-basic; page still needs a latest-template pass before any merge decision.,yes,missing-updatedDate|missing-showDefaultCta
cn,startup-ceo-document-security-maipdf,enterprise-industry,keep,,Keep for now inside enterprise-industry; page still needs a latest-template pass before any merge decision.,yes,missing-updatedDate|missing-showDefaultCta
cn,team-collaboration-pdf-workflow,enterprise-industry,keep,,Keep for now inside enterprise-industry; page still needs a latest-template pass before any merge decision.,yes,missing-updatedDate|missing-heroImage|missing-showDefaultCta
cn,team-pdf-reading-room,qr-sharing,keep,,Keep for now inside qr-sharing; page still needs a latest-template pass before any merge decision.,yes,missing-updatedDate|missing-showDefaultCta
cn,upload-pdf-get-link,portfolio-resume,keep,,Keep as the current representative page for portfolio-resume unless later consolidation data says otherwise.,no,
cn,wechat-pdf-sharing,qr-sharing,keep,,Keep for now inside qr-sharing; page still needs a latest-template pass before any merge decision.,yes,missing-updatedDate|missing-showDefaultCta
cn,zero-cost-pdf-sharing,maiimg-image-sharing,keep,,Keep for now inside maiimg-image-sharing; page still needs a latest-template pass before any merge decision.,yes,missing-updatedDate|missing-showDefaultCta
